timestamp,station_id,city,temperature,pressure,humidity,quality,event,fault_label
2026-08-01T00:00:00+00:00,AWS-B-001,Buldhana,23.28,932.87,61.08,GOOD,normal,0
2026-08-01T01:00:00+00:00,AWS-B-001,Buldhana,23.24,932.66,59.67,GOOD,normal,0
2026-08-01T02:00:00+00:00,AWS-B-001,Buldhana,24.29,932.57,60.32,GOOD,normal,0
2026-08-01T03:00:00+00:00,AWS-B-001,Buldhana,25.93,933.63,57.48,GOOD,normal,0
2026-08-01T04:00:00+00:00,AWS-B-001,Buldhana,25.67,933.36,58.67,GOOD,normal,0
2026-08-01T05:00:00+00:00,AWS-B-001,Buldhana,26.78,934.16,55.7,GOOD,normal,0
2026-08-01T06:00:00+00:00,AWS-B-001,Buldhana,27.69,933.13,55.08,GOOD,normal,0
2026-08-01T07:00:00+00:00,AWS-B-001,Buldhana,28.53,932.91,53.15,GOOD,normal,0
2026-08-01T08:00:00+00:00,AWS-B-001,Buldhana,29.64,933.57,52.12,GOOD,normal,0
2026-08-01T09:00:00+00:00,AWS-B-001,Buldhana,30.26,933.64,49.94,GOOD,normal,0
2026-08-01T10:00:00+00:00,AWS-B-001,Buldhana,30.4,933.37,49.09,GOOD,normal,0
2026-08-01T11:00:00+00:00,AWS-B-001,Buldhana,31.45,933.77,46.83,GOOD,normal,0
2026-08-01T12:00:00+00:00,AWS-B-001,Buldhana,31.84,933.43,45.77,GOOD,normal,0
2026-08-01T13:00:00+00:00,AWS-B-001,Buldhana,32.69,932.41,47.63,GOOD,normal,0
2026-08-01T14:00:00+00:00,AWS-B-001,Buldhana,31.88,933.4,46.01,GOOD,normal,0
2026-08-01T15:00:00+00:00,AWS-B-001,Buldhana,30.34,932.86,48.27,GOOD,normal,0
2026-08-01T16:00:00+00:00,AWS-B-001,Buldhana,30.16,933.04,50.15,GOOD,normal,0
2026-08-01T17:00:00+00:00,AWS-B-001,Buldhana,28.87,933.12,52.76,GOOD,normal,0
2026-08-01T18:00:00+00:00,AWS-B-001,Buldhana,27.66,932.87,52.93,GOOD,normal,0
2026-08-01T19:00:00+00:00,AWS-B-001,Buldhana,26.48,933.48,55.47,GOOD,normal,0
2026-08-01T20:00:00+00:00,AWS-B-001,Buldhana,25.24,933.77,61.83,GOOD,normal,0
2026-08-01T21:00:00+00:00,AWS-B-001,Buldhana,24.33,933.31,60.14,GOOD,normal,0
2026-08-01T22:00:00+00:00,AWS-B-001,Buldhana,22.97,932.76,60.47,GOOD,normal,0
2026-08-01T23:00:00+00:00,AWS-B-001,Buldhana,23.38,933.69,63.2,GOOD,normal,0
2026-08-02T00:00:00+00:00,AWS-B-001,Buldhana,23.22,934.51,63.1,GOOD,normal,0
2026-08-02T01:00:00+00:00,AWS-B-001,Buldhana,22.7,934.84,59.57,GOOD,normal,0
2026-08-02T02:00:00+00:00,AWS-B-001,Buldhana,23.76,934.11,56.97,GOOD,normal,0
2026-08-02T03:00:00+00:00,AWS-B-001,Buldhana,24.48,933.66,58.71,GOOD,normal,0
2026-08-02T04:00:00+00:00,AWS-B-001,Buldhana,26.2,933.79,57.66,GOOD,normal,0
2026-08-02T05:00:00+00:00,AWS-B-001,Buldhana,26.09,934.05,53.16,GOOD,normal,0
2026-08-02T06:00:00+00:00,AWS-B-001,Buldhana,26.76,933.21,49.9,GOOD,normal,0
2026-08-02T07:00:00+00:00,AWS-B-001,Buldhana,28.46,932.8,47.65,GOOD,normal,0
2026-08-02T08:00:00+00:00,AWS-B-001,Buldhana,29.91,932.49,49.3,GOOD,normal,0
2026-08-02T09:00:00+00:00,AWS-B-001,Buldhana,30.15,933.07,49.05,GOOD,normal,0
2026-08-02T10:00:00+00:00,AWS-B-001,Buldhana,30.99,932.43,44.14,GOOD,normal,0
2026-08-02T11:00:00+00:00,AWS-B-001,Buldhana,31.4,933.71,44.89,GOOD,normal,0
2026-08-02T12:00:00+00:00,AWS-B-001,Buldhana,31.61,932.76,44.47,GOOD,normal,0
2026-08-02T13:00:00+00:00,AWS-B-001,Buldhana,31.56,932.99,45.8,GOOD,normal,0
2026-08-02T14:00:00+00:00,AWS-B-001,Buldhana,31.15,933.18,45.74,GOOD,normal,0
2026-08-02T15:00:00+00:00,AWS-B-001,Buldhana,30.58,934.14,49.48,GOOD,normal,0
2026-08-02T16:00:00+00:00,AWS-B-001,Buldhana,29.8,934.19,52.63,GOOD,normal,0
2026-08-02T17:00:00+00:00,AWS-B-001,Buldhana,28.79,934.68,51.56,GOOD,normal,0
2026-08-02T18:00:00+00:00,AWS-B-001,Buldhana,27.57,934.3,55.18,GOOD,normal,0
2026-08-02T19:00:00+00:00,AWS-B-001,Buldhana,26.4,935.56,53.44,GOOD,normal,0
2026-08-02T20:00:00+00:00,AWS-B-001,Buldhana,25.56,934.86,54.71,GOOD,normal,0
2026-08-02T21:00:00+00:00,AWS-B-001,Buldhana,24.08,935.76,58.25,GOOD,normal,0
2026-08-02T22:00:00+00:00,AWS-B-001,Buldhana,23.63,934.96,59.48,GOOD,normal,0
2026-08-02T23:00:00+00:00,AWS-B-001,Buldhana,24.1,935.59,63.77,GOOD,normal,0
2026-08-03T00:00:00+00:00,AWS-B-001,Buldhana,24.44,934.85,58.86,GOOD,normal,0
2026-08-03T01:00:00+00:00,AWS-B-001,Buldhana,23.79,935.56,59.89,GOOD,normal,0
2026-08-03T02:00:00+00:00,AWS-B-001,Buldhana,24.34,935.73,61.05,GOOD,normal,0
2026-08-03T03:00:00+00:00,AWS-B-001,Buldhana,25.46,934.81,58.25,GOOD,normal,0
2026-08-03T04:00:00+00:00,AWS-B-001,Buldhana,26.74,935.57,57.6,GOOD,normal,0
2026-08-03T05:00:00+00:00,AWS-B-001,Buldhana,27.3,935.23,52.67,GOOD,normal,0
2026-08-03T06:00:00+00:00,AWS-B-001,Buldhana,28.16,935.22,53.08,GOOD,normal,0
2026-08-03T07:00:00+00:00,AWS-B-001,Buldhana,30.44,934.93,47.78,GOOD,normal,0
2026-08-03T08:00:00+00:00,AWS-B-001,Buldhana,30.91,935.88,48.24,GOOD,normal,0
2026-08-03T09:00:00+00:00,AWS-B-001,Buldhana,32.36,936.26,47.02,GOOD,normal,0
2026-08-03T10:00:00+00:00,AWS-B-001,Buldhana,32.1,936.64,47.38,GOOD,normal,0
2026-08-03T11:00:00+00:00,AWS-B-001,Buldhana,32.3,936.19,45.57,GOOD,normal,0
2026-08-03T12:00:00+00:00,AWS-B-001,Buldhana,33.34,935.7,44.92,GOOD,normal,0
2026-08-03T13:00:00+00:00,AWS-B-001,Buldhana,32.51,935.71,47.49,GOOD,normal,0
2026-08-03T14:00:00+00:00,AWS-B-001,Buldhana,31.79,935.26,44.49,GOOD,normal,0
2026-08-03T15:00:00+00:00,AWS-B-001,Buldhana,30.77,935.11,45.5,GOOD,normal,0
2026-08-03T16:00:00+00:00,AWS-B-001,Buldhana,29.69,934.73,48.27,GOOD,normal,0
2026-08-03T17:00:00+00:00,AWS-B-001,Buldhana,28.78,934.55,50.07,GOOD,normal,0
2026-08-03T18:00:00+00:00,AWS-B-001,Buldhana,27.33,934.57,55.15,GOOD,normal,0
2026-08-03T19:00:00+00:00,AWS-B-001,Buldhana,26.28,934.89,54.17,GOOD,normal,0
2026-08-03T20:00:00+00:00,AWS-B-001,Buldhana,25.67,934.36,55.2,GOOD,normal,0
2026-08-03T21:00:00+00:00,AWS-B-001,Buldhana,25.01,935.19,58.04,GOOD,normal,0
2026-08-03T22:00:00+00:00,AWS-B-001,Buldhana,24.32,934.64,56.72,GOOD,normal,0
2026-08-03T23:00:00+00:00,AWS-B-001,Buldhana,23.69,936.42,58.14,GOOD,normal,0
2026-08-04T00:00:00+00:00,AWS-B-001,Buldhana,23.46,936.6,61.51,GOOD,sensor_drift,1
2026-08-04T01:00:00+00:00,AWS-B-001,Buldhana,24.27,936.88,58.07,GOOD,sensor_drift,1
2026-08-04T02:00:00+00:00,AWS-B-001,Buldhana,24.35,936.6,56.95,GOOD,sensor_drift,1
2026-08-04T03:00:00+00:00,AWS-B-001,Buldhana,25.66,936.74,54.32,GOOD,sensor_drift,1
2026-08-04T04:00:00+00:00,AWS-B-001,Buldhana,27.36,937.35,55.39,GOOD,sensor_drift,1
2026-08-04T05:00:00+00:00,AWS-B-001,Buldhana,27.42,938.26,54.63,GOOD,sensor_drift,1
2026-08-04T06:00:00+00:00,AWS-B-001,Buldhana,29.23,939.03,52.65,GOOD,sensor_drift,1
2026-08-04T07:00:00+00:00,AWS-B-001,Buldhana,30.77,939.05,46.07,GOOD,sensor_drift,1
2026-08-04T08:00:00+00:00,AWS-B-001,Buldhana,31.07,938.69,44.69,GOOD,sensor_drift,1
2026-08-04T09:00:00+00:00,AWS-B-001,Buldhana,32.35,938.65,41.35,GOOD,sensor_drift,1
2026-08-04T10:00:00+00:00,AWS-B-001,Buldhana,33.12,938.83,44.16,GOOD,sensor_drift,1
2026-08-04T11:00:00+00:00,AWS-B-001,Buldhana,33.55,939.19,38.41,GOOD,sensor_drift,1
2026-08-04T12:00:00+00:00,AWS-B-001,Buldhana,33.87,939.69,40.98,GOOD,sensor_drift,1
2026-08-04T13:00:00+00:00,AWS-B-001,Buldhana,33.87,939.33,42.37,GOOD,sensor_drift,1
2026-08-04T14:00:00+00:00,AWS-B-001,Buldhana,33.52,939.21,45.34,GOOD,sensor_drift,1
2026-08-04T15:00:00+00:00,AWS-B-001,Buldhana,33.64,938.31,46.71,GOOD,sensor_drift,1
2026-08-04T16:00:00+00:00,AWS-B-001,Buldhana,32.01,937.36,49.14,GOOD,sensor_drift,1
2026-08-04T17:00:00+00:00,AWS-B-001,Buldhana,30.55,937.78,49.36,GOOD,sensor_drift,1
2026-08-04T18:00:00+00:00,AWS-B-001,Buldhana,29.91,937.9,48.27,GOOD,sensor_drift,1
2026-08-04T19:00:00+00:00,AWS-B-001,Buldhana,29.62,937.69,52.18,GOOD,sensor_drift,1
2026-08-04T20:00:00+00:00,AWS-B-001,Buldhana,28.36,938.01,56.59,GOOD,sensor_drift,1
2026-08-04T21:00:00+00:00,AWS-B-001,Buldhana,27.28,937.52,58.54,GOOD,sensor_drift,1
2026-08-04T22:00:00+00:00,AWS-B-001,Buldhana,27.74,937.77,61.03,GOOD,sensor_drift,1
2026-08-04T23:00:00+00:00,AWS-B-001,Buldhana,27.36,938.03,63.45,GOOD,sensor_drift,1
2026-08-05T00:00:00+00:00,AWS-B-001,Buldhana,28.14,937.84,65.86,GOOD,sensor_drift,1
2026-08-05T01:00:00+00:00,AWS-B-001,Buldhana,27.46,938.16,68.3,GOOD,sensor_drift,1
2026-08-05T02:00:00+00:00,AWS-B-001,Buldhana,28.1,937.87,65.25,GOOD,sensor_drift,1
2026-08-05T03:00:00+00:00,AWS-B-001,Buldhana,28.65,937.44,66.18,GOOD,sensor_drift,1
2026-08-05T04:00:00+00:00,AWS-B-001,Buldhana,29.7,937.64,65.34,GOOD,sensor_drift,1
2026-08-05T05:00:00+00:00,AWS-B-001,Buldhana,30.77,937.92,67.9,GOOD,sensor_drift,1
2026-08-05T06:00:00+00:00,AWS-B-001,Buldhana,33.31,937.46,62.68,GOOD,sensor_drift,1
2026-08-05T07:00:00+00:00,AWS-B-001,Buldhana,33.74,937.42,57.65,GOOD,sensor_drift,1
2026-08-05T08:00:00+00:00,AWS-B-001,Buldhana,34.1,938.07,60.54,GOOD,sensor_drift,1
2026-08-05T09:00:00+00:00,AWS-B-001,Buldhana,35.32,937.61,61.46,GOOD,sensor_drift,1
2026-08-05T10:00:00+00:00,AWS-B-001,Buldhana,35.63,937.32,62.12,GOOD,sensor_drift,1
2026-08-05T11:00:00+00:00,AWS-B-001,Buldhana,36.29,938.4,58.54,GOOD,sensor_drift,1
2026-08-05T12:00:00+00:00,AWS-B-001,Buldhana,36.63,938.03,56.51,GOOD,sensor_drift,1
2026-08-05T13:00:00+00:00,AWS-B-001,Buldhana,36.63,938.13,58.26,GOOD,sensor_drift,1
2026-08-05T14:00:00+00:00,AWS-B-001,Buldhana,36.24,937.93,57.75,GOOD,sensor_drift,1
2026-08-05T15:00:00+00:00,AWS-B-001,Buldhana,35.67,938.02,61.49,GOOD,sensor_drift,1
2026-08-05T16:00:00+00:00,AWS-B-001,Buldhana,34.76,937.94,62.03,GOOD,sensor_drift,1
2026-08-05T17:00:00+00:00,AWS-B-001,Buldhana,33.74,937.57,66.9,GOOD,sensor_drift,1
2026-08-05T18:00:00+00:00,AWS-B-001,Buldhana,32.76,937.77,68.26,GOOD,sensor_drift,1
2026-08-05T19:00:00+00:00,AWS-B-001,Buldhana,32.04,938.56,72.17,GOOD,sensor_drift,1
2026-08-05T20:00:00+00:00,AWS-B-001,Buldhana,31.19,938.61,72.94,GOOD,sensor_drift,1
2026-08-05T21:00:00+00:00,AWS-B-001,Buldhana,29.5,938.33,71.62,GOOD,sensor_drift,1
2026-08-05T22:00:00+00:00,AWS-B-001,Buldhana,29.12,939.54,76.54,GOOD,sensor_drift,1
2026-08-05T23:00:00+00:00,AWS-B-001,Buldhana,29.1,938.91,74.68,GOOD,sensor_drift,1
2026-08-06T00:00:00+00:00,AWS-B-001,Buldhana,28.18,939.21,76.87,GOOD,sensor_drift,1
2026-08-06T01:00:00+00:00,AWS-B-001,Buldhana,28.41,939.02,71.87,GOOD,sensor_drift,1
2026-08-06T02:00:00+00:00,AWS-B-001,Buldhana,29.11,938.93,72.58,GOOD,sensor_drift,1
2026-08-06T03:00:00+00:00,AWS-B-001,Buldhana,30.37,938.53,70.44,GOOD,sensor_drift,1
2026-08-06T04:00:00+00:00,AWS-B-001,Buldhana,32.03,938.14,70.73,GOOD,sensor_drift,1
2026-08-06T05:00:00+00:00,AWS-B-001,Buldhana,33.2,938.85,66.26,GOOD,sensor_drift,1
2026-08-06T06:00:00+00:00,AWS-B-001,Buldhana,34.36,939.21,63.78,GOOD,sensor_drift,1
2026-08-06T07:00:00+00:00,AWS-B-001,Buldhana,35.18,939.01,62.98,GOOD,sensor_drift,1
2026-08-06T08:00:00+00:00,AWS-B-001,Buldhana,36.5,939.06,61.53,GOOD,sensor_drift,1
2026-08-06T09:00:00+00:00,AWS-B-001,Buldhana,30.21,938.77,58.45,GOOD,normal,0
2026-08-06T10:00:00+00:00,AWS-B-001,Buldhana,30.92,938.13,57.16,GOOD,normal,0
2026-08-06T11:00:00+00:00,AWS-B-001,Buldhana,31.78,938.72,53.63,GOOD,normal,0
2026-08-06T12:00:00+00:00,AWS-B-001,Buldhana,31.69,938.71,52.47,GOOD,normal,0
2026-08-06T13:00:00+00:00,AWS-B-001,Buldhana,31.51,937.93,53.29,GOOD,normal,0
2026-08-06T14:00:00+00:00,AWS-B-001,Buldhana,31.1,938.44,52.13,GOOD,normal,0
2026-08-06T15:00:00+00:00,AWS-B-001,Buldhana,29.82,938.03,51.17,GOOD,normal,0
2026-08-06T16:00:00+00:00,AWS-B-001,Buldhana,28.83,938.03,50.95,GOOD,normal,0
2026-08-06T17:00:00+00:00,AWS-B-001,Buldhana,28.39,938.06,53.38,GOOD,normal,0
2026-08-06T18:00:00+00:00,AWS-B-001,Buldhana,27.33,937.75,59.79,GOOD,normal,0
2026-08-06T19:00:00+00:00,AWS-B-001,Buldhana,26.39,938.92,60.96,GOOD,normal,0
2026-08-06T20:00:00+00:00,AWS-B-001,Buldhana,24.93,939.03,60.94,GOOD,normal,0
2026-08-06T21:00:00+00:00,AWS-B-001,Buldhana,23.98,938.61,61.08,GOOD,normal,0
2026-08-06T22:00:00+00:00,AWS-B-001,Buldhana,23.3,938.61,62.29,GOOD,normal,0
2026-08-06T23:00:00+00:00,AWS-B-001,Buldhana,22.7,939.06,88.53,GOOD,humidity_offset,1
2026-08-07T00:00:00+00:00,AWS-B-001,Buldhana,22.68,938.46,87.33,GOOD,humidity_offset,1
2026-08-07T01:00:00+00:00,AWS-B-001,Buldhana,22.94,937.96,85.77,GOOD,humidity_offset,1
2026-08-07T02:00:00+00:00,AWS-B-001,Buldhana,23.75,937.4,84.74,GOOD,humidity_offset,1
2026-08-07T03:00:00+00:00,AWS-B-001,Buldhana,23.86,937.12,83.81,GOOD,humidity_offset,1
2026-08-07T04:00:00+00:00,AWS-B-001,Buldhana,25.52,936.47,82.13,GOOD,humidity_offset,1
2026-08-07T05:00:00+00:00,AWS-B-001,Buldhana,26.39,936.71,81.62,GOOD,humidity_offset,1
2026-08-07T06:00:00+00:00,AWS-B-001,Buldhana,27.35,936.42,79.21,GOOD,humidity_offset,1
2026-08-07T07:00:00+00:00,AWS-B-001,Buldhana,28.42,936.47,76.8,GOOD,humidity_offset,1
2026-08-07T08:00:00+00:00,AWS-B-001,Buldhana,29.8,937.76,76.63,GOOD,humidity_offset,1
2026-08-07T09:00:00+00:00,AWS-B-001,Buldhana,30.63,937.57,72.68,GOOD,humidity_offset,1
2026-08-07T10:00:00+00:00,AWS-B-001,Buldhana,30.9,938.03,69.46,GOOD,humidity_offset,1
2026-08-07T11:00:00+00:00,AWS-B-001,Buldhana,31.9,938.11,71.38,GOOD,humidity_offset,1
2026-08-07T12:00:00+00:00,AWS-B-001,Buldhana,32.28,937.35,70.37,GOOD,humidity_offset,1
2026-08-07T13:00:00+00:00,AWS-B-001,Buldhana,31.82,936.71,71.04,GOOD,humidity_offset,1
2026-08-07T14:00:00+00:00,AWS-B-001,Buldhana,31.1,936.53,69.16,GOOD,humidity_offset,1
2026-08-07T15:00:00+00:00,AWS-B-001,Buldhana,30.44,936.49,70.27,GOOD,humidity_offset,1
2026-08-07T16:00:00+00:00,AWS-B-001,Buldhana,30.41,937.3,70.93,GOOD,humidity_offset,1
2026-08-07T17:00:00+00:00,AWS-B-001,Buldhana,29.25,936.65,74.66,GOOD,humidity_offset,1
2026-08-07T18:00:00+00:00,AWS-B-001,Buldhana,27.66,936.32,75.78,GOOD,humidity_offset,1
2026-08-07T19:00:00+00:00,AWS-B-001,Buldhana,26.85,935.98,78.75,GOOD,humidity_offset,1
2026-08-07T20:00:00+00:00,AWS-B-001,Buldhana,25.46,934.84,82.27,GOOD,humidity_offset,1
2026-08-07T21:00:00+00:00,AWS-B-001,Buldhana,25.25,935.25,84.06,GOOD,humidity_offset,1
2026-08-07T22:00:00+00:00,AWS-B-001,Buldhana,24.67,934.8,84.41,GOOD,humidity_offset,1
2026-08-07T23:00:00+00:00,AWS-B-001,Buldhana,24.46,935.36,63.69,GOOD,normal,0
2026-08-08T00:00:00+00:00,AWS-B-001,Buldhana,23.07,934.57,64.97,GOOD,normal,0
2026-08-08T01:00:00+00:00,AWS-B-001,Buldhana,24.17,935.48,64.17,GOOD,normal,0
2026-08-08T02:00:00+00:00,AWS-B-001,Buldhana,23.85,935.37,62.9,GOOD,normal,0
2026-08-08T03:00:00+00:00,AWS-B-001,Buldhana,24.63,934.75,62.89,GOOD,normal,0
2026-08-08T04:00:00+00:00,AWS-B-001,Buldhana,25.6,934.54,61.24,GOOD,normal,0
2026-08-08T05:00:00+00:00,AWS-B-001,Buldhana,27.19,934.07,58.67,GOOD,normal,0
2026-08-08T06:00:00+00:00,AWS-B-001,Buldhana,27.29,932.78,56.44,GOOD,normal,0
2026-08-08T07:00:00+00:00,AWS-B-001,Buldhana,27.79,934.11,51.8,GOOD,normal,0
2026-08-08T08:00:00+00:00,AWS-B-001,Buldhana,29.47,933.84,48.44,GOOD,normal,0
2026-08-08T09:00:00+00:00,AWS-B-001,Buldhana,30.57,934.31,48.55,GOOD,normal,0
2026-08-08T10:00:00+00:00,AWS-B-001,Buldhana,31.62,934.6,44.41,GOOD,normal,0
2026-08-08T11:00:00+00:00,AWS-B-001,Buldhana,32.45,934.29,46.29,GOOD,normal,0
2026-08-08T12:00:00+00:00,AWS-B-001,Buldhana,32.06,933.72,42.37,GOOD,normal,0
2026-08-08T13:00:00+00:00,AWS-B-001,Buldhana,32.1,933.65,44.75,GOOD,normal,0
2026-08-08T14:00:00+00:00,AWS-B-001,Buldhana,31.81,934.8,44.99,GOOD,normal,0
2026-08-08T15:00:00+00:00,AWS-B-001,Buldhana,31.23,933.78,46.15,GOOD,normal,0
2026-08-08T16:00:00+00:00,AWS-B-001,Buldhana,30.97,933.85,49.29,GOOD,normal,0
2026-08-08T17:00:00+00:00,AWS-B-001,Buldhana,30.53,933.88,50.0,GOOD,normal,0
2026-08-08T18:00:00+00:00,AWS-B-001,Buldhana,29.37,933.95,52.53,GOOD,normal,0
2026-08-08T19:00:00+00:00,AWS-B-001,Buldhana,27.51,934.1,55.86,GOOD,normal,0
2026-08-08T20:00:00+00:00,AWS-B-001,Buldhana,26.26,933.86,57.73,GOOD,normal,0
2026-08-08T21:00:00+00:00,AWS-B-001,Buldhana,25.24,933.83,62.02,GOOD,normal,0
2026-08-08T22:00:00+00:00,AWS-B-001,Buldhana,25.38,933.54,62.99,GOOD,normal,0
2026-08-08T23:00:00+00:00,AWS-B-001,Buldhana,24.2,934.06,62.18,GOOD,normal,0
2026-08-09T00:00:00+00:00,AWS-B-001,Buldhana,24.76,933.84,63.35,GOOD,normal,0
2026-08-09T01:00:00+00:00,AWS-B-001,Buldhana,24.65,932.8,62.1,GOOD,normal,0
2026-08-09T02:00:00+00:00,AWS-B-001,Buldhana,25.58,933.48,58.16,GOOD,normal,0
2026-08-09T03:00:00+00:00,AWS-B-001,Buldhana,26.04,932.96,59.26,GOOD,normal,0
2026-08-09T04:00:00+00:00,AWS-B-001,Buldhana,27.42,933.23,58.12,GOOD,normal,0
2026-08-09T05:00:00+00:00,AWS-B-001,Buldhana,28.03,933.01,57.48,GOOD,normal,0
2026-08-09T06:00:00+00:00,AWS-B-001,Buldhana,28.76,932.6,52.46,GOOD,normal,0
2026-08-09T07:00:00+00:00,AWS-B-001,Buldhana,29.49,932.44,51.54,GOOD,normal,0
2026-08-09T08:00:00+00:00,AWS-B-001,Buldhana,30.29,933.46,46.8,GOOD,normal,0
2026-08-09T09:00:00+00:00,AWS-B-001,Buldhana,32.35,933.73,48.55,GOOD,normal,0
2026-08-09T10:00:00+00:00,AWS-B-001,Buldhana,32.58,933.47,51.27,GOOD,normal,0
2026-08-09T11:00:00+00:00,AWS-B-001,Buldhana,33.27,934.14,49.28,GOOD,normal,0
2026-08-09T12:00:00+00:00,AWS-B-001,Buldhana,33.16,933.41,49.22,GOOD,normal,0
2026-08-09T13:00:00+00:00,AWS-B-001,Buldhana,32.25,933.87,48.5,GOOD,normal,0
2026-08-09T14:00:00+00:00,AWS-B-001,Buldhana,31.77,933.32,53.28,GOOD,normal,0
2026-08-09T15:00:00+00:00,AWS-B-001,Buldhana,30.83,934.38,52.93,GOOD,normal,0
2026-08-09T16:00:00+00:00,AWS-B-001,Buldhana,30.24,933.3,54.05,GOOD,normal,0
2026-08-09T17:00:00+00:00,AWS-B-001,Buldhana,29.55,933.33,58.55,GOOD,normal,0
2026-08-09T18:00:00+00:00,AWS-B-001,Buldhana,28.6,932.63,63.52,GOOD,normal,0
2026-08-09T19:00:00+00:00,AWS-B-001,Buldhana,27.73,933.54,63.16,GOOD,normal,0
2026-08-09T20:00:00+00:00,AWS-B-001,Buldhana,27.17,934.09,64.58,GOOD,normal,0
2026-08-09T21:00:00+00:00,AWS-B-001,Buldhana,26.46,933.79,59.6,GOOD,normal,0
2026-08-09T22:00:00+00:00,AWS-B-001,Buldhana,25.67,934.3,61.28,GOOD,normal,0
2026-08-09T23:00:00+00:00,AWS-B-001,Buldhana,25.01,934.62,60.52,GOOD,normal,0
2026-08-10T00:00:00+00:00,AWS-B-001,Buldhana,24.95,935.02,62.14,GOOD,normal,0
2026-08-10T01:00:00+00:00,AWS-B-001,Buldhana,24.39,933.4,63.19,GOOD,normal,0
2026-08-10T02:00:00+00:00,AWS-B-001,Buldhana,24.56,934.02,59.33,GOOD,normal,0
2026-08-10T03:00:00+00:00,AWS-B-001,Buldhana,25.87,934.11,59.15,GOOD,normal,0
2026-08-10T04:00:00+00:00,AWS-B-001,Buldhana,27.03,934.86,59.02,GOOD,normal,0
2026-08-10T05:00:00+00:00,AWS-B-001,Buldhana,28.05,935.16,60.72,GOOD,normal,0
2026-08-10T06:00:00+00:00,AWS-B-001,Buldhana,29.71,936.06,57.31,GOOD,normal,0
2026-08-10T07:00:00+00:00,AWS-B-001,Buldhana,30.06,936.42,55.25,GOOD,normal,0
2026-08-10T08:00:00+00:00,AWS-B-001,Buldhana,31.56,936.44,51.49,GOOD,normal,0
2026-08-10T09:00:00+00:00,AWS-B-001,Buldhana,32.29,936.29,51.18,GOOD,normal,0
2026-08-10T10:00:00+00:00,AWS-B-001,Buldhana,33.47,936.5,51.04,GOOD,normal,0
2026-08-10T11:00:00+00:00,AWS-B-001,Buldhana,33.43,936.32,47.6,GOOD,normal,0
2026-08-10T12:00:00+00:00,AWS-B-001,Buldhana,33.37,936.21,46.94,GOOD,normal,0
2026-08-10T13:00:00+00:00,AWS-B-001,Buldhana,33.36,936.96,45.88,GOOD,normal,0
2026-08-10T14:00:00+00:00,AWS-B-001,Buldhana,33.09,937.04,48.54,GOOD,normal,0
2026-08-10T15:00:00+00:00,AWS-B-001,Buldhana,32.56,937.94,47.91,GOOD,normal,0
2026-08-10T16:00:00+00:00,AWS-B-001,Buldhana,31.26,936.58,49.32,GOOD,normal,0
2026-08-10T17:00:00+00:00,AWS-B-001,Buldhana,31.04,937.04,51.98,GOOD,normal,0
2026-08-10T18:00:00+00:00,AWS-B-001,Buldhana,30.07,937.9,54.52,GOOD,normal,0
2026-08-10T19:00:00+00:00,AWS-B-001,Buldhana,29.03,937.81,54.47,GOOD,normal,0
2026-08-10T20:00:00+00:00,AWS-B-001,Buldhana,28.39,938.32,57.0,GOOD,normal,0
2026-08-10T21:00:00+00:00,AWS-B-001,Buldhana,27.47,938.02,56.58,GOOD,normal,0
2026-08-10T22:00:00+00:00,AWS-B-001,Buldhana,26.87,938.21,56.66,GOOD,normal,0
2026-08-10T23:00:00+00:00,AWS-B-001,Buldhana,26.35,938.3,60.37,GOOD,normal,0
2026-08-11T00:00:00+00:00,AWS-B-001,Buldhana,26.02,938.83,59.3,GOOD,normal,0
2026-08-11T01:00:00+00:00,AWS-B-001,Buldhana,26.7,938.77,59.83,GOOD,normal,0
2026-08-11T02:00:00+00:00,AWS-B-001,Buldhana,26.41,938.89,59.76,GOOD,normal,0
2026-08-11T03:00:00+00:00,AWS-B-001,Buldhana,26.9,937.98,54.55,GOOD,normal,0
2026-08-11T04:00:00+00:00,AWS-B-001,Buldhana,27.73,937.96,54.77,GOOD,normal,0
2026-08-11T05:00:00+00:00,AWS-B-001,Buldhana,27.47,938.16,52.84,GOOD,normal,0
2026-08-11T06:00:00+00:00,AWS-B-001,Buldhana,29.25,938.26,51.27,GOOD,normal,0
2026-08-11T07:00:00+00:00,AWS-B-001,Buldhana,30.13,938.56,50.72,GOOD,normal,0
2026-08-11T08:00:00+00:00,AWS-B-001,Buldhana,30.12,938.16,48.03,GOOD,normal,0
2026-08-11T09:00:00+00:00,AWS-B-001,Buldhana,31.41,939.59,48.08,GOOD,normal,0
2026-08-11T10:00:00+00:00,AWS-B-001,Buldhana,31.86,939.23,47.0,GOOD,normal,0
2026-08-11T11:00:00+00:00,AWS-B-001,Buldhana,31.91,938.63,42.79,GOOD,normal,0
2026-08-11T12:00:00+00:00,AWS-B-001,Buldhana,31.69,938.49,49.11,GOOD,normal,0
2026-08-11T13:00:00+00:00,AWS-B-001,Buldhana,31.95,937.86,48.9,GOOD,normal,0
2026-08-11T14:00:00+00:00,AWS-B-001,Buldhana,31.39,937.87,47.53,GOOD,normal,0
2026-08-11T15:00:00+00:00,AWS-B-001,Buldhana,30.97,937.85,49.76,GOOD,normal,0
2026-08-11T16:00:00+00:00,AWS-B-001,Buldhana,29.96,937.58,48.61,GOOD,normal,0
2026-08-11T17:00:00+00:00,AWS-B-001,Buldhana,28.85,938.1,50.64,GOOD,normal,0
2026-08-11T18:00:00+00:00,AWS-B-001,Buldhana,27.82,937.63,55.89,GOOD,normal,0
2026-08-11T19:00:00+00:00,AWS-B-001,Buldhana,26.55,937.68,55.77,GOOD,normal,0
2026-08-11T20:00:00+00:00,AWS-B-001,Buldhana,26.23,939.12,57.0,GOOD,normal,0
2026-08-11T21:00:00+00:00,AWS-B-001,Buldhana,25.11,938.77,58.2,GOOD,normal,0
2026-08-11T22:00:00+00:00,AWS-B-001,Buldhana,25.05,938.65,56.64,GOOD,normal,0
2026-08-11T23:00:00+00:00,AWS-B-001,Buldhana,24.14,938.7,58.78,GOOD,normal,0
2026-08-12T00:00:00+00:00,AWS-B-001,Buldhana,23.68,937.32,56.33,GOOD,normal,0
2026-08-12T01:00:00+00:00,AWS-B-001,Buldhana,23.01,937.85,57.96,GOOD,normal,0
2026-08-12T02:00:00+00:00,AWS-B-001,Buldhana,23.97,938.03,58.38,GOOD,normal,0
2026-08-12T03:00:00+00:00,AWS-B-001,Buldhana,23.76,938.14,55.9,GOOD,normal,0
2026-08-12T04:00:00+00:00,AWS-B-001,Buldhana,25.11,938.52,52.42,GOOD,normal,0
2026-08-12T05:00:00+00:00,AWS-B-001,Buldhana,25.85,938.56,49.57,GOOD,normal,0
2026-08-12T06:00:00+00:00,AWS-B-001,Buldhana,26.43,939.05,51.64,GOOD,normal,0
2026-08-12T07:00:00+00:00,AWS-B-001,Buldhana,28.2,938.52,48.6,GOOD,normal,0
2026-08-12T08:00:00+00:00,AWS-B-001,Buldhana,28.34,937.24,46.18,GOOD,normal,0
2026-08-12T09:00:00+00:00,AWS-B-001,Buldhana,30.1,937.42,45.81,GOOD,normal,0
2026-08-12T10:00:00+00:00,AWS-B-001,Buldhana,30.83,937.78,47.83,GOOD,normal,0
2026-08-12T11:00:00+00:00,AWS-B-001,Buldhana,31.38,938.68,47.49,GOOD,normal,0
2026-08-12T12:00:00+00:00,AWS-B-001,Buldhana,32.16,938.26,45.78,GOOD,normal,0
2026-08-12T13:00:00+00:00,AWS-B-001,Buldhana,31.87,937.6,48.14,GOOD,normal,0
2026-08-12T14:00:00+00:00,AWS-B-001,Buldhana,31.56,938.16,44.73,GOOD,normal,0
2026-08-12T15:00:00+00:00,AWS-B-001,Buldhana,31.07,937.91,45.05,GOOD,normal,0
2026-08-12T16:00:00+00:00,AWS-B-001,Buldhana,30.51,937.88,44.83,GOOD,normal,0
2026-08-12T17:00:00+00:00,AWS-B-001,Buldhana,29.2,938.48,50.4,GOOD,normal,0
2026-08-12T18:00:00+00:00,AWS-B-001,Buldhana,29.16,937.76,51.8,GOOD,normal,0
2026-08-12T19:00:00+00:00,AWS-B-001,Buldhana,28.13,937.65,56.24,GOOD,normal,0
2026-08-12T20:00:00+00:00,AWS-B-001,Buldhana,26.8,937.02,57.09,GOOD,normal,0
2026-08-12T21:00:00+00:00,AWS-B-001,Buldhana,26.73,937.82,60.49,GOOD,normal,0
2026-08-12T22:00:00+00:00,AWS-B-001,Buldhana,25.49,937.79,62.42,GOOD,normal,0
2026-08-12T23:00:00+00:00,AWS-B-001,Buldhana,25.31,937.44,62.05,GOOD,normal,0
2026-08-13T00:00:00+00:00,AWS-B-001,Buldhana,24.72,936.81,62.18,GOOD,normal,0
2026-08-13T01:00:00+00:00,AWS-B-001,Buldhana,25.04,937.03,62.46,GOOD,normal,0
2026-08-13T02:00:00+00:00,AWS-B-001,Buldhana,24.67,936.83,60.03,GOOD,normal,0
2026-08-13T03:00:00+00:00,AWS-B-001,Buldhana,24.97,936.55,60.55,GOOD,normal,0
2026-08-13T04:00:00+00:00,AWS-B-001,Buldhana,25.36,937.38,58.68,GOOD,normal,0
2026-08-13T05:00:00+00:00,AWS-B-001,Buldhana,27.28,937.25,55.48,GOOD,normal,0
2026-08-13T06:00:00+00:00,AWS-B-001,Buldhana,27.66,936.77,49.76,GOOD,normal,0
2026-08-13T07:00:00+00:00,AWS-B-001,Buldhana,29.14,937.39,47.68,GOOD,normal,0
2026-08-13T08:00:00+00:00,AWS-B-001,Buldhana,30.57,935.97,45.71,GOOD,normal,0
2026-08-13T09:00:00+00:00,AWS-B-001,Buldhana,30.44,936.41,44.08,GOOD,normal,0
2026-08-13T10:00:00+00:00,AWS-B-001,Buldhana,31.59,936.32,45.74,GOOD,normal,0
2026-08-13T11:00:00+00:00,AWS-B-001,Buldhana,31.28,936.48,44.72,GOOD,normal,0
2026-08-13T12:00:00+00:00,AWS-B-001,Buldhana,31.65,936.65,43.82,GOOD,normal,0
2026-08-13T13:00:00+00:00,AWS-B-001,Buldhana,32.0,936.39,41.09,GOOD,normal,0
2026-08-13T14:00:00+00:00,AWS-B-001,Buldhana,31.99,937.0,39.57,GOOD,normal,0
2026-08-13T15:00:00+00:00,AWS-B-001,Buldhana,31.32,936.17,43.07,GOOD,normal,0
2026-08-13T16:00:00+00:00,AWS-B-001,Buldhana,29.82,935.5,43.95,GOOD,normal,0
2026-08-13T17:00:00+00:00,AWS-B-001,Buldhana,29.73,935.31,48.3,GOOD,normal,0
2026-08-13T18:00:00+00:00,AWS-B-001,Buldhana,28.13,935.22,52.97,GOOD,normal,0
2026-08-13T19:00:00+00:00,AWS-B-001,Buldhana,28.13,935.22,52.97,GOOD,sensor_stuck,1
2026-08-13T20:00:00+00:00,AWS-B-001,Buldhana,28.13,935.22,52.97,GOOD,sensor_stuck,1
2026-08-13T21:00:00+00:00,AWS-B-001,Buldhana,28.13,935.22,52.97,GOOD,sensor_stuck,1
2026-08-13T22:00:00+00:00,AWS-B-001,Buldhana,28.13,935.22,52.97,GOOD,sensor_stuck,1
2026-08-13T23:00:00+00:00,AWS-B-001,Buldhana,28.13,935.22,52.97,GOOD,sensor_stuck,1
2026-08-14T00:00:00+00:00,AWS-B-001,Buldhana,28.13,935.22,52.97,GOOD,sensor_stuck,1
2026-08-14T01:00:00+00:00,AWS-B-001,Buldhana,28.13,935.22,52.97,GOOD,sensor_stuck,1
2026-08-14T02:00:00+00:00,AWS-B-001,Buldhana,28.13,935.22,52.97,GOOD,sensor_stuck,1
2026-08-14T03:00:00+00:00,AWS-B-001,Buldhana,28.13,935.22,52.97,GOOD,sensor_stuck,1
2026-08-14T04:00:00+00:00,AWS-B-001,Buldhana,28.13,935.22,52.97,GOOD,sensor_stuck,1
2026-08-14T05:00:00+00:00,AWS-B-001,Buldhana,28.13,935.22,52.97,GOOD,sensor_stuck,1
2026-08-14T06:00:00+00:00,AWS-B-001,Buldhana,28.13,935.22,52.97,GOOD,sensor_stuck,1
2026-08-14T07:00:00+00:00,AWS-B-001,Buldhana,28.13,935.22,52.97,GOOD,sensor_stuck,1
2026-08-14T08:00:00+00:00,AWS-B-001,Buldhana,28.13,935.22,52.97,GOOD,sensor_stuck,1
2026-08-14T09:00:00+00:00,AWS-B-001,Buldhana,28.13,935.22,52.97,GOOD,sensor_stuck,1
2026-08-14T10:00:00+00:00,AWS-B-001,Buldhana,31.48,933.77,45.89,GOOD,normal,0
2026-08-14T11:00:00+00:00,AWS-B-001,Buldhana,31.81,933.86,43.18,GOOD,normal,0
2026-08-14T12:00:00+00:00,AWS-B-001,Buldhana,32.19,934.01,47.24,GOOD,normal,0
2026-08-14T13:00:00+00:00,AWS-B-001,Buldhana,32.3,934.5,46.79,GOOD,normal,0
2026-08-14T14:00:00+00:00,AWS-B-001,Buldhana,32.31,934.21,45.24,GOOD,normal,0
2026-08-14T15:00:00+00:00,AWS-B-001,Buldhana,30.54,933.22,45.74,GOOD,normal,0
2026-08-14T16:00:00+00:00,AWS-B-001,Buldhana,30.6,933.07,49.32,GOOD,normal,0
2026-08-14T17:00:00+00:00,AWS-B-001,Buldhana,29.38,933.42,51.35,GOOD,normal,0
2026-08-14T18:00:00+00:00,AWS-B-001,Buldhana,28.72,932.94,54.17,GOOD,normal,0
2026-08-14T19:00:00+00:00,AWS-B-001,Buldhana,-1.27,933.35,56.3,GOOD,sensor_spike,1
2026-08-14T20:00:00+00:00,AWS-B-001,Buldhana,-2.57,933.73,59.88,GOOD,sensor_spike,1
2026-08-14T21:00:00+00:00,AWS-B-001,Buldhana,-3.92,932.87,62.71,GOOD,sensor_spike,1
2026-08-14T22:00:00+00:00,AWS-B-001,Buldhana,-4.38,932.23,63.19,GOOD,sensor_spike,1
2026-08-14T23:00:00+00:00,AWS-B-001,Buldhana,-5.47,933.11,62.67,GOOD,sensor_spike,1
2026-08-15T00:00:00+00:00,AWS-B-001,Buldhana,-4.79,933.22,63.32,GOOD,sensor_spike,1
2026-08-15T01:00:00+00:00,AWS-B-001,Buldhana,23.38,933.3,65.05,GOOD,normal,0
2026-08-15T02:00:00+00:00,AWS-B-001,Buldhana,24.26,932.99,62.03,GOOD,normal,0
2026-08-15T03:00:00+00:00,AWS-B-001,Buldhana,24.96,933.44,62.18,GOOD,normal,0
2026-08-15T04:00:00+00:00,AWS-B-001,Buldhana,25.62,934.11,58.5,GOOD,normal,0
2026-08-15T05:00:00+00:00,AWS-B-001,Buldhana,26.27,934.58,57.63,GOOD,normal,0
2026-08-15T06:00:00+00:00,AWS-B-001,Buldhana,27.76,934.4,57.69,GOOD,normal,0
2026-08-15T07:00:00+00:00,AWS-B-001,Buldhana,27.86,934.93,55.84,GOOD,normal,0
2026-08-15T08:00:00+00:00,AWS-B-001,Buldhana,29.34,934.11,52.99,GOOD,normal,0
2026-08-15T09:00:00+00:00,AWS-B-001,Buldhana,29.68,934.03,49.48,GOOD,normal,0
2026-08-15T10:00:00+00:00,AWS-B-001,Buldhana,30.76,934.01,50.69,GOOD,normal,0
2026-08-15T11:00:00+00:00,AWS-B-001,Buldhana,30.95,933.55,48.81,GOOD,normal,0
2026-08-15T12:00:00+00:00,AWS-B-001,Buldhana,30.52,934.57,49.55,GOOD,normal,0
2026-08-15T13:00:00+00:00,AWS-B-001,Buldhana,31.05,934.38,50.85,GOOD,normal,0
2026-08-15T14:00:00+00:00,AWS-B-001,Buldhana,30.27,934.62,51.76,GOOD,normal,0
2026-08-15T15:00:00+00:00,AWS-B-001,Buldhana,29.08,933.81,53.66,GOOD,normal,0
2026-08-15T16:00:00+00:00,AWS-B-001,Buldhana,28.26,933.47,54.58,GOOD,normal,0
2026-08-15T17:00:00+00:00,AWS-B-001,Buldhana,27.21,933.71,59.14,GOOD,normal,0
2026-08-15T18:00:00+00:00,AWS-B-001,Buldhana,25.75,933.35,58.4,GOOD,normal,0
2026-08-15T19:00:00+00:00,AWS-B-001,Buldhana,24.93,933.81,60.06,GOOD,normal,0
2026-08-15T20:00:00+00:00,AWS-B-001,Buldhana,24.67,933.32,62.07,GOOD,normal,0
2026-08-15T21:00:00+00:00,AWS-B-001,Buldhana,24.3,933.19,66.3,GOOD,normal,0
2026-08-15T22:00:00+00:00,AWS-B-001,Buldhana,24.97,932.62,61.94,GOOD,weather_event,0
2026-08-15T23:00:00+00:00,AWS-B-001,Buldhana,27.59,932.6,58.89,GOOD,weather_event,0
2026-08-16T00:00:00+00:00,AWS-B-001,Buldhana,29.41,931.78,54.91,GOOD,weather_event,0
2026-08-16T01:00:00+00:00,AWS-B-001,Buldhana,29.55,932.15,53.83,GOOD,weather_event,0
2026-08-16T02:00:00+00:00,AWS-B-001,Buldhana,30.96,932.24,51.3,GOOD,weather_event,0
2026-08-16T03:00:00+00:00,AWS-B-001,Buldhana,28.57,933.36,52.05,GOOD,weather_event,0
2026-08-16T04:00:00+00:00,AWS-B-001,Buldhana,27.26,933.53,54.61,GOOD,weather_event,0
2026-08-16T05:00:00+00:00,AWS-B-001,Buldhana,25.81,934.6,57.94,GOOD,normal,0
2026-08-16T06:00:00+00:00,AWS-B-001,Buldhana,27.0,933.5,54.43,GOOD,normal,0
2026-08-16T07:00:00+00:00,AWS-B-001,Buldhana,28.11,934.25,51.34,GOOD,normal,0
2026-08-16T08:00:00+00:00,AWS-B-001,Buldhana,28.47,934.01,47.32,GOOD,normal,0
2026-08-16T09:00:00+00:00,AWS-B-001,Buldhana,30.21,934.08,46.06,GOOD,normal,0
2026-08-16T10:00:00+00:00,AWS-B-001,Buldhana,30.5,934.51,44.48,GOOD,normal,0
2026-08-16T11:00:00+00:00,AWS-B-001,Buldhana,31.36,934.55,42.48,GOOD,normal,0
2026-08-16T12:00:00+00:00,AWS-B-001,Buldhana,30.77,934.0,44.31,GOOD,normal,0
2026-08-16T13:00:00+00:00,AWS-B-001,Buldhana,30.54,933.71,41.77,GOOD,normal,0
2026-08-16T14:00:00+00:00,AWS-B-001,Buldhana,30.95,934.26,43.93,GOOD,normal,0
2026-08-16T15:00:00+00:00,AWS-B-001,Buldhana,30.82,934.89,47.52,GOOD,normal,0
2026-08-16T16:00:00+00:00,AWS-B-001,Buldhana,30.6,935.24,46.34,GOOD,normal,0
2026-08-16T17:00:00+00:00,AWS-B-001,Buldhana,28.88,935.69,49.2,GOOD,normal,0
2026-08-16T18:00:00+00:00,AWS-B-001,Buldhana,28.3,935.37,51.48,GOOD,normal,0
2026-08-16T19:00:00+00:00,AWS-B-001,Buldhana,27.28,935.01,54.23,GOOD,normal,0
2026-08-16T20:00:00+00:00,AWS-B-001,Buldhana,25.91,935.03,56.56,GOOD,normal,0
2026-08-16T21:00:00+00:00,AWS-B-001,Buldhana,24.25,934.63,59.76,GOOD,normal,0
2026-08-16T22:00:00+00:00,AWS-B-001,Buldhana,24.48,933.97,59.74,GOOD,normal,0
2026-08-16T23:00:00+00:00,AWS-B-001,Buldhana,24.3,933.45,60.64,GOOD,normal,0
2026-08-17T00:00:00+00:00,AWS-B-001,Buldhana,23.56,933.83,63.13,GOOD,normal,0
2026-08-17T01:00:00+00:00,AWS-B-001,Buldhana,24.21,932.67,61.79,GOOD,normal,0
2026-08-17T02:00:00+00:00,AWS-B-001,Buldhana,24.5,933.5,61.67,GOOD,normal,0
2026-08-17T03:00:00+00:00,AWS-B-001,Buldhana,25.31,933.36,61.49,GOOD,normal,0
2026-08-17T04:00:00+00:00,AWS-B-001,Buldhana,26.89,933.09,61.13,GOOD,normal,0
2026-08-17T05:00:00+00:00,AWS-B-001,Buldhana,28.46,932.53,58.06,GOOD,normal,0
2026-08-17T06:00:00+00:00,AWS-B-001,Buldhana,28.83,932.48,57.53,GOOD,normal,0
2026-08-17T07:00:00+00:00,AWS-B-001,Buldhana,29.73,932.55,50.93,GOOD,normal,0
2026-08-17T08:00:00+00:00,AWS-B-001,Buldhana,31.27,932.44,49.33,GOOD,normal,0
2026-08-17T09:00:00+00:00,AWS-B-001,Buldhana,31.69,932.63,46.4,GOOD,normal,0
2026-08-17T10:00:00+00:00,AWS-B-001,Buldhana,32.87,932.92,45.39,GOOD,normal,0
2026-08-17T11:00:00+00:00,AWS-B-001,Buldhana,33.64,932.9,44.94,GOOD,normal,0
2026-08-17T12:00:00+00:00,AWS-B-001,Buldhana,33.32,932.73,47.09,GOOD,normal,0
2026-08-17T13:00:00+00:00,AWS-B-001,Buldhana,34.13,932.93,45.81,GOOD,normal,0
2026-08-17T14:00:00+00:00,AWS-B-001,Buldhana,33.61,932.46,48.49,GOOD,normal,0
2026-08-17T15:00:00+00:00,AWS-B-001,Buldhana,32.75,932.54,49.18,GOOD,normal,0
2026-08-17T16:00:00+00:00,AWS-B-001,Buldhana,32.01,932.55,48.55,GOOD,normal,0
2026-08-17T17:00:00+00:00,AWS-B-001,Buldhana,30.33,932.55,50.07,GOOD,normal,0
2026-08-17T18:00:00+00:00,AWS-B-001,Buldhana,29.01,931.93,51.31,GOOD,normal,0
2026-08-17T19:00:00+00:00,AWS-B-001,Buldhana,27.51,932.39,53.65,GOOD,normal,0
2026-08-17T20:00:00+00:00,AWS-B-001,Buldhana,26.86,932.84,57.09,GOOD,normal,0
2026-08-17T21:00:00+00:00,AWS-B-001,Buldhana,26.38,931.52,57.62,GOOD,normal,0
2026-08-17T22:00:00+00:00,AWS-B-001,Buldhana,26.19,931.77,58.26,GOOD,normal,0
2026-08-17T23:00:00+00:00,AWS-B-001,Buldhana,25.28,931.23,61.79,GOOD,normal,0
2026-08-18T00:00:00+00:00,AWS-B-001,Buldhana,25.09,930.66,63.0,GOOD,normal,0
2026-08-18T01:00:00+00:00,AWS-B-001,Buldhana,25.54,931.98,62.79,GOOD,normal,0
2026-08-18T02:00:00+00:00,AWS-B-001,Buldhana,25.5,932.36,57.71,GOOD,normal,0
2026-08-18T03:00:00+00:00,AWS-B-001,Buldhana,26.11,933.0,56.81,GOOD,normal,0
2026-08-18T04:00:00+00:00,AWS-B-001,Buldhana,25.43,931.11,64.57,GOOD,weather_event,0
2026-08-18T05:00:00+00:00,AWS-B-001,Buldhana,24.98,930.22,69.04,GOOD,weather_event,0
2026-08-18T06:00:00+00:00,AWS-B-001,Buldhana,25.12,927.96,74.8,GOOD,weather_event,0
2026-08-18T07:00:00+00:00,AWS-B-001,Buldhana,26.27,928.12,73.82,GOOD,weather_event,0
2026-08-18T08:00:00+00:00,AWS-B-001,Buldhana,27.43,928.63,71.16,GOOD,weather_event,0
2026-08-18T09:00:00+00:00,AWS-B-001,Buldhana,27.13,928.81,72.55,GOOD,weather_event,0
2026-08-18T10:00:00+00:00,AWS-B-001,Buldhana,27.75,929.22,70.48,GOOD,weather_event,0
2026-08-18T11:00:00+00:00,AWS-B-001,Buldhana,29.33,929.08,70.45,GOOD,weather_event,0
2026-08-18T12:00:00+00:00,AWS-B-001,Buldhana,28.77,929.12,69.49,GOOD,weather_event,0
2026-08-18T13:00:00+00:00,AWS-B-001,Buldhana,28.65,928.45,69.3,GOOD,weather_event,0
2026-08-18T14:00:00+00:00,AWS-B-001,Buldhana,28.13,929.02,69.54,GOOD,weather_event,0
2026-08-18T15:00:00+00:00,AWS-B-001,Buldhana,27.1,929.03,71.56,GOOD,weather_event,0
2026-08-18T16:00:00+00:00,AWS-B-001,Buldhana,26.78,929.16,76.37,GOOD,weather_event,0
2026-08-18T17:00:00+00:00,AWS-B-001,Buldhana,25.92,929.21,77.73,GOOD,weather_event,0
2026-08-18T18:00:00+00:00,AWS-B-001,Buldhana,25.25,931.08,68.24,GOOD,weather_event,0
2026-08-18T19:00:00+00:00,AWS-B-001,Buldhana,24.65,933.17,66.22,GOOD,weather_event,0
2026-08-18T20:00:00+00:00,AWS-B-001,Buldhana,25.06,936.2,60.54,GOOD,normal,0
2026-08-18T21:00:00+00:00,AWS-B-001,Buldhana,23.26,936.09,60.13,GOOD,normal,0
2026-08-18T22:00:00+00:00,AWS-B-001,Buldhana,22.55,935.43,60.73,GOOD,normal,0
2026-08-18T23:00:00+00:00,AWS-B-001,Buldhana,23.02,936.19,65.26,GOOD,normal,0
2026-08-19T00:00:00+00:00,AWS-B-001,Buldhana,23.96,935.76,66.41,GOOD,normal,0
2026-08-19T01:00:00+00:00,AWS-B-001,Buldhana,23.18,936.55,65.89,GOOD,normal,0
2026-08-19T02:00:00+00:00,AWS-B-001,Buldhana,24.03,936.4,65.13,GOOD,normal,0
2026-08-19T03:00:00+00:00,AWS-B-001,Buldhana,24.79,936.6,64.53,GOOD,normal,0
2026-08-19T04:00:00+00:00,AWS-B-001,Buldhana,24.94,935.44,63.62,GOOD,normal,0
2026-08-19T05:00:00+00:00,AWS-B-001,Buldhana,25.75,935.55,60.43,GOOD,normal,0
2026-08-19T06:00:00+00:00,AWS-B-001,Buldhana,26.88,935.83,58.43,GOOD,normal,0
2026-08-19T07:00:00+00:00,AWS-B-001,Buldhana,28.6,936.54,53.72,GOOD,normal,0
2026-08-19T08:00:00+00:00,AWS-B-001,Buldhana,30.04,936.87,53.09,GOOD,normal,0
2026-08-19T09:00:00+00:00,AWS-B-001,Buldhana,30.19,936.07,49.4,GOOD,normal,0
2026-08-19T10:00:00+00:00,AWS-B-001,Buldhana,32.32,937.14,48.49,GOOD,normal,0
2026-08-19T11:00:00+00:00,AWS-B-001,Buldhana,32.48,936.93,47.67,GOOD,normal,0
2026-08-19T12:00:00+00:00,AWS-B-001,Buldhana,32.39,935.67,44.95,GOOD,normal,0
2026-08-19T13:00:00+00:00,AWS-B-001,Buldhana,32.89,935.79,47.16,GOOD,normal,0
2026-08-19T14:00:00+00:00,AWS-B-001,Buldhana,32.18,936.39,47.2,GOOD,normal,0
2026-08-19T15:00:00+00:00,AWS-B-001,Buldhana,30.94,937.37,51.89,GOOD,normal,0
2026-08-19T16:00:00+00:00,AWS-B-001,Buldhana,29.97,937.05,49.93,GOOD,normal,0
2026-08-19T17:00:00+00:00,AWS-B-001,Buldhana,29.37,937.92,54.19,GOOD,normal,0
2026-08-19T18:00:00+00:00,AWS-B-001,Buldhana,27.81,938.04,52.8,GOOD,normal,0
2026-08-19T19:00:00+00:00,AWS-B-001,Buldhana,27.54,938.22,56.59,GOOD,normal,0
2026-08-19T20:00:00+00:00,AWS-B-001,Buldhana,25.79,938.89,58.76,GOOD,normal,0
2026-08-19T21:00:00+00:00,AWS-B-001,Buldhana,24.9,939.13,54.98,GOOD,normal,0
2026-08-19T22:00:00+00:00,AWS-B-001,Buldhana,23.73,938.09,58.55,GOOD,normal,0
2026-08-19T23:00:00+00:00,AWS-B-001,Buldhana,23.4,938.23,59.16,GOOD,normal,0
2026-08-20T00:00:00+00:00,AWS-B-001,Buldhana,23.62,938.68,62.07,GOOD,normal,0
2026-08-20T01:00:00+00:00,AWS-B-001,Buldhana,23.62,938.65,59.85,GOOD,normal,0
2026-08-20T02:00:00+00:00,AWS-B-001,Buldhana,23.9,938.64,61.3,GOOD,normal,0
2026-08-20T03:00:00+00:00,AWS-B-001,Buldhana,24.45,938.3,59.06,GOOD,normal,0
2026-08-20T04:00:00+00:00,AWS-B-001,Buldhana,25.65,939.03,54.78,GOOD,normal,0
2026-08-20T05:00:00+00:00,AWS-B-001,Buldhana,26.93,939.28,53.13,GOOD,normal,0
2026-08-20T06:00:00+00:00,AWS-B-001,Buldhana,28.85,939.54,51.02,GOOD,normal,0
2026-08-20T07:00:00+00:00,AWS-B-001,Buldhana,29.47,939.46,48.69,GOOD,normal,0
2026-08-20T08:00:00+00:00,AWS-B-001,Buldhana,30.18,939.83,45.2,GOOD,normal,0
2026-08-20T09:00:00+00:00,AWS-B-001,Buldhana,31.44,940.28,43.65,GOOD,normal,0
2026-08-20T10:00:00+00:00,AWS-B-001,Buldhana,32.29,940.19,42.07,GOOD,normal,0
2026-08-20T11:00:00+00:00,AWS-B-001,Buldhana,33.04,939.4,46.07,GOOD,normal,0
2026-08-20T12:00:00+00:00,AWS-B-001,Buldhana,33.46,940.34,46.06,GOOD,normal,0
2026-08-20T13:00:00+00:00,AWS-B-001,Buldhana,32.8,939.29,47.42,GOOD,normal,0
2026-08-20T14:00:00+00:00,AWS-B-001,Buldhana,31.89,938.97,47.45,GOOD,normal,0
2026-08-20T15:00:00+00:00,AWS-B-001,Buldhana,31.62,939.29,47.86,GOOD,normal,0
2026-08-20T16:00:00+00:00,AWS-B-001,Buldhana,31.08,939.22,53.07,GOOD,normal,0
2026-08-20T17:00:00+00:00,AWS-B-001,Buldhana,30.12,940.21,56.38,GOOD,normal,0
2026-08-20T18:00:00+00:00,AWS-B-001,Buldhana,28.88,939.4,54.24,GOOD,normal,0
2026-08-20T19:00:00+00:00,AWS-B-001,Buldhana,27.29,939.05,55.21,GOOD,normal,0
2026-08-20T20:00:00+00:00,AWS-B-001,Buldhana,26.68,939.46,56.5,GOOD,normal,0
2026-08-20T21:00:00+00:00,AWS-B-001,Buldhana,26.14,938.97,56.29,GOOD,normal,0
2026-08-20T22:00:00+00:00,AWS-B-001,Buldhana,25.35,939.25,54.88,GOOD,normal,0
2026-08-20T23:00:00+00:00,AWS-B-001,Buldhana,25.35,938.8,57.54,GOOD,normal,0
2026-08-21T00:00:00+00:00,AWS-B-001,Buldhana,25.19,938.63,56.39,GOOD,normal,0
2026-08-21T01:00:00+00:00,AWS-B-001,Buldhana,24.32,939.18,56.16,GOOD,normal,0
2026-08-21T02:00:00+00:00,AWS-B-001,Buldhana,24.31,939.14,57.62,GOOD,normal,0
2026-08-21T03:00:00+00:00,AWS-B-001,Buldhana,25.57,939.82,56.08,GOOD,normal,0
2026-08-21T04:00:00+00:00,AWS-B-001,Buldhana,26.65,938.69,51.73,GOOD,normal,0
2026-08-21T05:00:00+00:00,AWS-B-001,Buldhana,28.07,939.1,50.09,GOOD,normal,0
2026-08-21T06:00:00+00:00,AWS-B-001,Buldhana,28.72,938.15,47.82,GOOD,normal,0
2026-08-21T07:00:00+00:00,AWS-B-001,Buldhana,28.92,937.77,44.82,GOOD,normal,0
2026-08-21T08:00:00+00:00,AWS-B-001,Buldhana,30.16,938.0,44.32,GOOD,normal,0
2026-08-21T09:00:00+00:00,AWS-B-001,Buldhana,31.53,937.55,41.1,GOOD,normal,0
2026-08-21T10:00:00+00:00,AWS-B-001,Buldhana,32.1,938.04,41.76,GOOD,normal,0
2026-08-21T11:00:00+00:00,AWS-B-001,Buldhana,32.57,937.39,40.34,GOOD,normal,0
2026-08-21T12:00:00+00:00,AWS-B-001,Buldhana,32.65,937.84,41.63,GOOD,normal,0
2026-08-21T13:00:00+00:00,AWS-B-001,Buldhana,32.11,938.55,39.04,GOOD,normal,0
2026-08-21T14:00:00+00:00,AWS-B-001,Buldhana,32.02,938.16,39.72,GOOD,normal,0
2026-08-21T15:00:00+00:00,AWS-B-001,Buldhana,30.91,938.75,42.5,GOOD,normal,0
2026-08-21T16:00:00+00:00,AWS-B-001,Buldhana,30.95,938.6,43.75,GOOD,normal,0
2026-08-21T17:00:00+00:00,AWS-B-001,Buldhana,30.45,938.65,47.34,GOOD,normal,0
2026-08-21T18:00:00+00:00,AWS-B-001,Buldhana,29.26,938.38,50.93,GOOD,normal,0
2026-08-21T19:00:00+00:00,AWS-B-001,Buldhana,28.01,938.9,50.2,GOOD,normal,0
2026-08-21T20:00:00+00:00,AWS-B-001,Buldhana,27.31,938.65,55.94,GOOD,normal,0
2026-08-21T21:00:00+00:00,AWS-B-001,Buldhana,25.0,939.18,55.48,GOOD,normal,0
2026-08-21T22:00:00+00:00,AWS-B-001,Buldhana,24.4,938.42,55.96,GOOD,normal,0
2026-08-21T23:00:00+00:00,AWS-B-001,Buldhana,24.43,938.03,58.4,GOOD,normal,0
2026-08-22T00:00:00+00:00,AWS-B-001,Buldhana,24.24,938.25,61.06,GOOD,normal,0
2026-08-22T01:00:00+00:00,AWS-B-001,Buldhana,24.51,938.84,59.71,GOOD,normal,0
2026-08-22T02:00:00+00:00,AWS-B-001,Buldhana,25.54,939.47,55.43,GOOD,normal,0
2026-08-22T03:00:00+00:00,AWS-B-001,Buldhana,25.81,939.62,57.36,GOOD,normal,0
2026-08-22T04:00:00+00:00,AWS-B-001,Buldhana,26.55,938.02,54.97,GOOD,normal,0
2026-08-22T05:00:00+00:00,AWS-B-001,Buldhana,27.17,938.62,50.6,GOOD,normal,0
2026-08-22T06:00:00+00:00,AWS-B-001,Buldhana,28.97,939.12,49.12,GOOD,normal,0
2026-08-22T07:00:00+00:00,AWS-B-001,Buldhana,30.04,939.69,48.73,GOOD,normal,0
2026-08-22T08:00:00+00:00,AWS-B-001,Buldhana,30.65,939.94,47.15,GOOD,normal,0
2026-08-22T09:00:00+00:00,AWS-B-001,Buldhana,31.06,939.75,46.24,GOOD,normal,0
2026-08-22T10:00:00+00:00,AWS-B-001,Buldhana,32.1,940.3,49.28,GOOD,normal,0
2026-08-22T11:00:00+00:00,AWS-B-001,Buldhana,32.57,939.9,44.18,GOOD,normal,0
2026-08-22T12:00:00+00:00,AWS-B-001,Buldhana,32.79,939.35,46.46,GOOD,normal,0
2026-08-22T13:00:00+00:00,AWS-B-001,Buldhana,32.42,939.97,46.2,GOOD,normal,0
2026-08-22T14:00:00+00:00,AWS-B-001,Buldhana,31.65,938.48,48.12,GOOD,normal,0
2026-08-22T15:00:00+00:00,AWS-B-001,Buldhana,30.23,938.46,48.6,GOOD,normal,0
2026-08-22T16:00:00+00:00,AWS-B-001,Buldhana,29.6,937.76,50.93,GOOD,normal,0
2026-08-22T17:00:00+00:00,AWS-B-001,Buldhana,27.74,937.67,55.45,GOOD,normal,0
2026-08-22T18:00:00+00:00,AWS-B-001,Buldhana,27.57,937.97,55.32,GOOD,normal,0
2026-08-22T19:00:00+00:00,AWS-B-001,Buldhana,25.93,937.36,57.64,GOOD,normal,0
2026-08-22T20:00:00+00:00,AWS-B-001,Buldhana,24.68,936.59,57.93,GOOD,normal,0
2026-08-22T21:00:00+00:00,AWS-B-001,Buldhana,25.29,937.01,60.55,GOOD,normal,0
2026-08-22T22:00:00+00:00,AWS-B-001,Buldhana,23.33,936.54,62.09,GOOD,normal,0
2026-08-22T23:00:00+00:00,AWS-B-001,Buldhana,22.98,937.16,61.16,GOOD,normal,0
2026-08-23T00:00:00+00:00,AWS-B-001,Buldhana,23.33,936.98,68.34,GOOD,normal,0
2026-08-23T01:00:00+00:00,AWS-B-001,Buldhana,23.51,935.79,68.48,GOOD,normal,0
2026-08-23T02:00:00+00:00,AWS-B-001,Buldhana,23.5,936.37,68.47,GOOD,normal,0
2026-08-23T03:00:00+00:00,AWS-B-001,Buldhana,24.02,936.16,66.88,GOOD,normal,0
2026-08-23T04:00:00+00:00,AWS-B-001,Buldhana,24.8,936.54,62.68,GOOD,normal,0
2026-08-23T05:00:00+00:00,AWS-B-001,Buldhana,25.87,936.09,61.95,GOOD,normal,0
2026-08-23T06:00:00+00:00,AWS-B-001,Buldhana,27.06,936.19,58.86,GOOD,normal,0
2026-08-23T07:00:00+00:00,AWS-B-001,Buldhana,28.31,935.12,57.68,GOOD,normal,0
2026-08-23T08:00:00+00:00,AWS-B-001,Buldhana,30.16,936.07,58.63,GOOD,normal,0
2026-08-23T09:00:00+00:00,AWS-B-001,Buldhana,31.14,935.61,58.27,GOOD,normal,0
2026-08-23T10:00:00+00:00,AWS-B-001,Buldhana,31.01,935.18,58.12,GOOD,normal,0
2026-08-23T11:00:00+00:00,AWS-B-001,Buldhana,31.06,935.03,56.26,GOOD,normal,0
2026-08-23T12:00:00+00:00,AWS-B-001,Buldhana,31.45,935.46,58.33,GOOD,normal,0
2026-08-23T13:00:00+00:00,AWS-B-001,Buldhana,31.01,935.2,57.29,GOOD,normal,0
2026-08-23T14:00:00+00:00,AWS-B-001,Buldhana,30.93,934.89,59.71,GOOD,normal,0
2026-08-23T15:00:00+00:00,AWS-B-001,Buldhana,30.77,935.12,56.15,GOOD,normal,0
2026-08-23T16:00:00+00:00,AWS-B-001,Buldhana,29.89,934.67,58.44,GOOD,normal,0
2026-08-23T17:00:00+00:00,AWS-B-001,Buldhana,29.24,934.28,63.03,GOOD,normal,0
2026-08-23T18:00:00+00:00,AWS-B-001,Buldhana,27.91,934.68,60.64,GOOD,normal,0
2026-08-23T19:00:00+00:00,AWS-B-001,Buldhana,27.14,935.97,63.87,GOOD,normal,0
2026-08-23T20:00:00+00:00,AWS-B-001,Buldhana,,,,MISSING,communication_dropout,1
2026-08-23T21:00:00+00:00,AWS-B-001,Buldhana,,,,MISSING,communication_dropout,1
2026-08-23T22:00:00+00:00,AWS-B-001,Buldhana,,,,MISSING,communication_dropout,1
2026-08-23T23:00:00+00:00,AWS-B-001,Buldhana,,,,MISSING,communication_dropout,1
2026-08-24T00:00:00+00:00,AWS-B-001,Buldhana,,,,MISSING,communication_dropout,1
2026-08-24T01:00:00+00:00,AWS-B-001,Buldhana,,,,MISSING,communication_dropout,1
2026-08-24T02:00:00+00:00,AWS-B-001,Buldhana,,,,MISSING,communication_dropout,1
2026-08-24T03:00:00+00:00,AWS-B-001,Buldhana,,,,MISSING,communication_dropout,1
2026-08-24T04:00:00+00:00,AWS-B-001,Buldhana,,,,MISSING,communication_dropout,1
2026-08-24T05:00:00+00:00,AWS-B-001,Buldhana,28.88,934.74,67.1,GOOD,normal,0
2026-08-24T06:00:00+00:00,AWS-B-001,Buldhana,29.01,934.72,63.0,GOOD,normal,0
2026-08-24T07:00:00+00:00,AWS-B-001,Buldhana,29.86,934.79,60.89,GOOD,normal,0
2026-08-24T08:00:00+00:00,AWS-B-001,Buldhana,30.51,934.21,56.64,GOOD,normal,0
2026-08-24T09:00:00+00:00,AWS-B-001,Buldhana,31.95,934.12,61.74,GOOD,normal,0
2026-08-24T10:00:00+00:00,AWS-B-001,Buldhana,33.48,933.67,52.37,GOOD,weather_event,0
2026-08-24T11:00:00+00:00,AWS-B-001,Buldhana,35.19,932.3,48.93,GOOD,weather_event,0
2026-08-24T12:00:00+00:00,AWS-B-001,Buldhana,35.88,931.71,45.12,GOOD,weather_event,0
2026-08-24T13:00:00+00:00,AWS-B-001,Buldhana,37.51,931.82,41.99,GOOD,weather_event,0
2026-08-24T14:00:00+00:00,AWS-B-001,Buldhana,37.38,932.18,45.48,GOOD,weather_event,0
2026-08-24T15:00:00+00:00,AWS-B-001,Buldhana,37.07,932.15,45.74,GOOD,weather_event,0
2026-08-24T16:00:00+00:00,AWS-B-001,Buldhana,35.44,932.19,49.41,GOOD,weather_event,0
2026-08-24T17:00:00+00:00,AWS-B-001,Buldhana,35.04,933.19,50.79,GOOD,weather_event,0
2026-08-24T18:00:00+00:00,AWS-B-001,Buldhana,33.66,933.12,51.42,GOOD,weather_event,0
2026-08-24T19:00:00+00:00,AWS-B-001,Buldhana,33.07,934.11,53.68,GOOD,weather_event,0
2026-08-24T20:00:00+00:00,AWS-B-001,Buldhana,31.82,933.67,53.7,GOOD,weather_event,0
2026-08-24T21:00:00+00:00,AWS-B-001,Buldhana,29.62,932.65,59.02,GOOD,weather_event,0
2026-08-24T22:00:00+00:00,AWS-B-001,Buldhana,28.11,933.03,64.54,GOOD,weather_event,0
2026-08-24T23:00:00+00:00,AWS-B-001,Buldhana,26.64,933.96,69.21,GOOD,weather_event,0
2026-08-25T00:00:00+00:00,AWS-B-001,Buldhana,23.81,933.93,73.03,GOOD,normal,0
2026-08-25T01:00:00+00:00,AWS-B-001,Buldhana,23.91,934.81,74.93,GOOD,normal,0
2026-08-25T02:00:00+00:00,AWS-B-001,Buldhana,25.09,933.98,72.61,GOOD,normal,0
2026-08-25T03:00:00+00:00,AWS-B-001,Buldhana,26.57,934.23,69.42,GOOD,normal,0
2026-08-25T04:00:00+00:00,AWS-B-001,Buldhana,26.86,934.13,65.66,GOOD,normal,0
2026-08-25T05:00:00+00:00,AWS-B-001,Buldhana,27.88,933.28,62.47,GOOD,normal,0
2026-08-25T06:00:00+00:00,AWS-B-001,Buldhana,29.38,932.72,61.11,GOOD,normal,0
2026-08-25T07:00:00+00:00,AWS-B-001,Buldhana,30.14,932.83,59.58,GOOD,normal,0
2026-08-25T08:00:00+00:00,AWS-B-001,Buldhana,30.38,932.92,59.65,GOOD,normal,0
2026-08-25T09:00:00+00:00,AWS-B-001,Buldhana,31.33,933.14,56.29,GOOD,normal,0
2026-08-25T10:00:00+00:00,AWS-B-001,Buldhana,32.03,933.17,53.96,GOOD,normal,0
2026-08-25T11:00:00+00:00,AWS-B-001,Buldhana,32.32,932.53,52.61,GOOD,normal,0
2026-08-25T12:00:00+00:00,AWS-B-001,Buldhana,32.92,932.54,52.62,GOOD,normal,0
2026-08-25T13:00:00+00:00,AWS-B-001,Buldhana,33.06,933.03,52.42,GOOD,normal,0
2026-08-25T14:00:00+00:00,AWS-B-001,Buldhana,32.44,933.3,51.09,GOOD,normal,0
2026-08-25T15:00:00+00:00,AWS-B-001,Buldhana,32.62,933.2,50.89,GOOD,normal,0
2026-08-25T16:00:00+00:00,AWS-B-001,Buldhana,32.24,933.09,56.63,GOOD,normal,0
2026-08-25T17:00:00+00:00,AWS-B-001,Buldhana,31.52,933.55,53.03,GOOD,normal,0
2026-08-25T18:00:00+00:00,AWS-B-001,Buldhana,28.87,932.98,57.82,GOOD,normal,0
2026-08-25T19:00:00+00:00,AWS-B-001,Buldhana,28.58,933.25,56.62,GOOD,normal,0
2026-08-25T20:00:00+00:00,AWS-B-001,Buldhana,27.86,933.15,58.95,GOOD,normal,0
2026-08-25T21:00:00+00:00,AWS-B-001,Buldhana,26.61,933.82,59.74,GOOD,normal,0
2026-08-25T22:00:00+00:00,AWS-B-001,Buldhana,26.21,933.69,61.6,GOOD,normal,0
2026-08-25T23:00:00+00:00,AWS-B-001,Buldhana,25.66,932.48,60.35,GOOD,normal,0
2026-08-26T00:00:00+00:00,AWS-B-001,Buldhana,24.57,933.28,61.61,GOOD,normal,0
2026-08-26T01:00:00+00:00,AWS-B-001,Buldhana,25.34,933.41,59.9,GOOD,normal,0
2026-08-26T02:00:00+00:00,AWS-B-001,Buldhana,26.62,933.47,61.76,GOOD,normal,0
2026-08-26T03:00:00+00:00,AWS-B-001,Buldhana,26.29,934.18,60.19,GOOD,normal,0
2026-08-26T04:00:00+00:00,AWS-B-001,Buldhana,27.95,934.5,59.08,GOOD,normal,0
2026-08-26T05:00:00+00:00,AWS-B-001,Buldhana,28.72,935.09,60.27,GOOD,normal,0
2026-08-26T06:00:00+00:00,AWS-B-001,Buldhana,28.63,935.33,57.73,GOOD,normal,0
2026-08-26T07:00:00+00:00,AWS-B-001,Buldhana,30.12,934.45,54.91,GOOD,normal,0
2026-08-26T08:00:00+00:00,AWS-B-001,Buldhana,31.56,934.91,53.54,GOOD,normal,0
2026-08-26T09:00:00+00:00,AWS-B-001,Buldhana,32.34,935.51,55.06,GOOD,normal,0
2026-08-26T10:00:00+00:00,AWS-B-001,Buldhana,32.92,935.13,49.37,GOOD,normal,0
2026-08-26T11:00:00+00:00,AWS-B-001,Buldhana,33.89,935.13,49.51,GOOD,normal,0
2026-08-26T12:00:00+00:00,AWS-B-001,Buldhana,33.13,936.79,51.48,GOOD,normal,0
2026-08-26T13:00:00+00:00,AWS-B-001,Buldhana,33.12,936.31,48.31,GOOD,normal,0
2026-08-26T14:00:00+00:00,AWS-B-001,Buldhana,32.56,937.0,51.21,GOOD,normal,0
2026-08-26T15:00:00+00:00,AWS-B-001,Buldhana,31.86,937.63,50.06,GOOD,normal,0
2026-08-26T16:00:00+00:00,AWS-B-001,Buldhana,30.02,938.13,51.58,GOOD,normal,0
2026-08-26T17:00:00+00:00,AWS-B-001,Buldhana,29.84,936.72,53.89,GOOD,normal,0
2026-08-26T18:00:00+00:00,AWS-B-001,Buldhana,28.76,937.07,53.7,GOOD,normal,0
2026-08-26T19:00:00+00:00,AWS-B-001,Buldhana,28.12,936.46,57.44,GOOD,normal,0
2026-08-26T20:00:00+00:00,AWS-B-001,Buldhana,26.19,935.73,58.4,GOOD,normal,0
2026-08-26T21:00:00+00:00,AWS-B-001,Buldhana,25.88,936.55,61.1,GOOD,normal,0
2026-08-26T22:00:00+00:00,AWS-B-001,Buldhana,24.1,936.03,62.64,GOOD,normal,0
2026-08-26T23:00:00+00:00,AWS-B-001,Buldhana,23.43,936.24,63.56,GOOD,normal,0
2026-08-27T00:00:00+00:00,AWS-B-001,Buldhana,23.82,936.63,64.26,GOOD,normal,0
2026-08-27T01:00:00+00:00,AWS-B-001,Buldhana,23.83,936.85,61.52,GOOD,normal,0
2026-08-27T02:00:00+00:00,AWS-B-001,Buldhana,23.93,936.73,58.26,GOOD,normal,0
2026-08-27T03:00:00+00:00,AWS-B-001,Buldhana,24.16,936.77,62.8,GOOD,normal,0
2026-08-27T04:00:00+00:00,AWS-B-001,Buldhana,25.33,937.27,61.84,GOOD,normal,0
2026-08-27T05:00:00+00:00,AWS-B-001,Buldhana,26.2,937.13,55.96,GOOD,normal,0
2026-08-27T06:00:00+00:00,AWS-B-001,Buldhana,27.43,937.95,53.05,GOOD,normal,0
2026-08-27T07:00:00+00:00,AWS-B-001,Buldhana,28.38,937.4,54.91,GOOD,normal,0
2026-08-27T08:00:00+00:00,AWS-B-001,Buldhana,29.27,937.41,51.37,GOOD,normal,0
2026-08-27T09:00:00+00:00,AWS-B-001,Buldhana,29.29,937.76,48.31,GOOD,normal,0
2026-08-27T10:00:00+00:00,AWS-B-001,Buldhana,30.34,937.7,45.59,GOOD,normal,0
2026-08-27T11:00:00+00:00,AWS-B-001,Buldhana,30.68,937.46,44.98,GOOD,normal,0
2026-08-27T12:00:00+00:00,AWS-B-001,Buldhana,31.18,937.9,42.92,GOOD,normal,0
2026-08-27T13:00:00+00:00,AWS-B-001,Buldhana,30.6,937.46,42.61,GOOD,normal,0
2026-08-27T14:00:00+00:00,AWS-B-001,Buldhana,31.12,937.81,43.56,GOOD,normal,0
2026-08-27T15:00:00+00:00,AWS-B-001,Buldhana,30.42,938.28,44.49,GOOD,normal,0
2026-08-27T16:00:00+00:00,AWS-B-001,Buldhana,29.27,937.99,46.34,GOOD,normal,0
2026-08-27T17:00:00+00:00,AWS-B-001,Buldhana,28.7,937.71,46.93,GOOD,normal,0
2026-08-27T18:00:00+00:00,AWS-B-001,Buldhana,29.06,937.74,49.29,GOOD,normal,0
2026-08-27T19:00:00+00:00,AWS-B-001,Buldhana,27.17,938.8,51.58,GOOD,normal,0
2026-08-27T20:00:00+00:00,AWS-B-001,Buldhana,26.49,938.51,54.96,GOOD,normal,0
2026-08-27T21:00:00+00:00,AWS-B-001,Buldhana,25.0,938.43,54.66,GOOD,normal,0
2026-08-27T22:00:00+00:00,AWS-B-001,Buldhana,24.51,938.1,58.3,GOOD,normal,0
2026-08-27T23:00:00+00:00,AWS-B-001,Buldhana,24.11,938.27,56.25,GOOD,normal,0
2026-08-28T00:00:00+00:00,AWS-B-001,Buldhana,23.28,938.04,60.18,GOOD,normal,0
2026-08-28T01:00:00+00:00,AWS-B-001,Buldhana,24.17,937.2,59.37,GOOD,normal,0
2026-08-28T02:00:00+00:00,AWS-B-001,Buldhana,25.24,937.1,57.98,GOOD,normal,0
2026-08-28T03:00:00+00:00,AWS-B-001,Buldhana,26.83,938.32,60.98,GOOD,normal,0
2026-08-28T04:00:00+00:00,AWS-B-001,Buldhana,27.31,937.86,62.25,GOOD,normal,0
2026-08-28T05:00:00+00:00,AWS-B-001,Buldhana,28.35,937.29,59.6,GOOD,normal,0
2026-08-28T06:00:00+00:00,AWS-B-001,Buldhana,29.15,937.65,58.42,GOOD,normal,0
2026-08-28T07:00:00+00:00,AWS-B-001,Buldhana,29.94,938.2,52.03,GOOD,normal,0
2026-08-28T08:00:00+00:00,AWS-B-001,Buldhana,30.93,937.9,51.24,GOOD,normal,0
2026-08-28T09:00:00+00:00,AWS-B-001,Buldhana,31.16,938.19,47.88,GOOD,normal,0
2026-08-28T10:00:00+00:00,AWS-B-001,Buldhana,32.07,939.02,45.8,GOOD,normal,0
2026-08-28T11:00:00+00:00,AWS-B-001,Buldhana,32.2,938.12,44.12,GOOD,normal,0
2026-08-28T12:00:00+00:00,AWS-B-001,Buldhana,31.79,939.13,45.69,GOOD,normal,0
2026-08-28T13:00:00+00:00,AWS-B-001,Buldhana,31.38,939.11,43.21,GOOD,normal,0
2026-08-28T14:00:00+00:00,AWS-B-001,Buldhana,31.26,939.43,43.93,GOOD,normal,0
2026-08-28T15:00:00+00:00,AWS-B-001,Buldhana,30.32,939.08,44.79,GOOD,normal,0
2026-08-28T16:00:00+00:00,AWS-B-001,Buldhana,30.48,938.15,48.59,GOOD,normal,0
2026-08-28T17:00:00+00:00,AWS-B-001,Buldhana,29.82,938.51,49.16,GOOD,normal,0
2026-08-28T18:00:00+00:00,AWS-B-001,Buldhana,28.5,939.4,51.93,GOOD,normal,0
2026-08-28T19:00:00+00:00,AWS-B-001,Buldhana,27.8,939.14,54.97,GOOD,normal,0
2026-08-28T20:00:00+00:00,AWS-B-001,Buldhana,25.78,938.8,57.37,GOOD,normal,0
2026-08-28T21:00:00+00:00,AWS-B-001,Buldhana,25.14,939.0,62.6,GOOD,normal,0
2026-08-28T22:00:00+00:00,AWS-B-001,Buldhana,24.9,938.37,60.99,GOOD,normal,0
2026-08-28T23:00:00+00:00,AWS-B-001,Buldhana,24.73,938.45,64.7,GOOD,normal,0
2026-08-29T00:00:00+00:00,AWS-B-001,Buldhana,24.51,937.89,63.98,GOOD,normal,0
2026-08-29T01:00:00+00:00,AWS-B-001,Buldhana,24.83,938.16,64.26,GOOD,normal,0
2026-08-29T02:00:00+00:00,AWS-B-001,Buldhana,25.47,937.25,62.93,GOOD,normal,0
2026-08-29T03:00:00+00:00,AWS-B-001,Buldhana,25.36,937.08,63.2,GOOD,normal,0
2026-08-29T04:00:00+00:00,AWS-B-001,Buldhana,26.18,937.77,57.97,GOOD,normal,0
2026-08-29T05:00:00+00:00,AWS-B-001,Buldhana,27.63,937.95,57.97,GOOD,normal,0
2026-08-29T06:00:00+00:00,AWS-B-001,Buldhana,28.85,938.64,58.24,GOOD,normal,0
2026-08-29T07:00:00+00:00,AWS-B-001,Buldhana,29.73,937.53,56.14,GOOD,normal,0
2026-08-29T08:00:00+00:00,AWS-B-001,Buldhana,30.99,938.58,54.03,GOOD,normal,0
2026-08-29T09:00:00+00:00,AWS-B-001,Buldhana,31.3,938.42,51.5,GOOD,normal,0
2026-08-29T10:00:00+00:00,AWS-B-001,Buldhana,31.54,937.55,51.26,GOOD,normal,0
2026-08-29T11:00:00+00:00,AWS-B-001,Buldhana,32.36,936.69,47.37,GOOD,normal,0
2026-08-29T12:00:00+00:00,AWS-B-001,Buldhana,32.17,936.1,48.02,GOOD,normal,0
2026-08-29T13:00:00+00:00,AWS-B-001,Buldhana,31.48,936.44,50.92,GOOD,normal,0
2026-08-29T14:00:00+00:00,AWS-B-001,Buldhana,31.58,936.82,45.93,GOOD,normal,0
2026-08-29T15:00:00+00:00,AWS-B-001,Buldhana,30.9,936.2,50.51,GOOD,normal,0
2026-08-29T16:00:00+00:00,AWS-B-001,Buldhana,29.46,936.15,47.96,GOOD,normal,0
2026-08-29T17:00:00+00:00,AWS-B-001,Buldhana,29.01,936.61,50.24,GOOD,normal,0
2026-08-29T18:00:00+00:00,AWS-B-001,Buldhana,27.73,935.87,55.48,GOOD,normal,0
2026-08-29T19:00:00+00:00,AWS-B-001,Buldhana,27.36,935.43,57.64,GOOD,normal,0
2026-08-29T20:00:00+00:00,AWS-B-001,Buldhana,25.71,935.17,57.57,GOOD,normal,0
2026-08-29T21:00:00+00:00,AWS-B-001,Buldhana,25.22,934.59,63.59,GOOD,normal,0
2026-08-29T22:00:00+00:00,AWS-B-001,Buldhana,23.95,934.58,66.49,GOOD,normal,0
2026-08-29T23:00:00+00:00,AWS-B-001,Buldhana,24.29,934.11,66.54,GOOD,normal,0
2026-08-30T00:00:00+00:00,AWS-B-001,Buldhana,23.17,933.29,65.61,GOOD,normal,0
2026-08-30T01:00:00+00:00,AWS-B-001,Buldhana,24.95,934.25,65.86,GOOD,normal,0
2026-08-30T02:00:00+00:00,AWS-B-001,Buldhana,24.27,933.56,65.08,GOOD,normal,0
2026-08-30T03:00:00+00:00,AWS-B-001,Buldhana,25.04,933.88,66.63,GOOD,normal,0
2026-08-30T04:00:00+00:00,AWS-B-001,Buldhana,26.39,933.66,65.08,GOOD,normal,0
2026-08-30T05:00:00+00:00,AWS-B-001,Buldhana,26.75,934.57,63.93,GOOD,normal,0
2026-08-30T06:00:00+00:00,AWS-B-001,Buldhana,28.0,933.77,60.56,GOOD,normal,0
2026-08-30T07:00:00+00:00,AWS-B-001,Buldhana,29.34,934.48,59.37,GOOD,normal,0
2026-08-30T08:00:00+00:00,AWS-B-001,Buldhana,30.05,934.83,58.92,GOOD,normal,0
2026-08-30T09:00:00+00:00,AWS-B-001,Buldhana,31.45,933.53,59.13,GOOD,normal,0
2026-08-30T10:00:00+00:00,AWS-B-001,Buldhana,32.03,933.62,57.97,GOOD,normal,0
2026-08-30T11:00:00+00:00,AWS-B-001,Buldhana,32.36,933.86,57.73,GOOD,normal,0
2026-08-30T12:00:00+00:00,AWS-B-001,Buldhana,31.88,934.03,54.09,GOOD,normal,0
2026-08-30T13:00:00+00:00,AWS-B-001,Buldhana,31.57,934.34,51.38,GOOD,normal,0
2026-08-30T14:00:00+00:00,AWS-B-001,Buldhana,31.98,933.3,52.52,GOOD,normal,0
2026-08-30T15:00:00+00:00,AWS-B-001,Buldhana,31.27,933.08,54.17,GOOD,normal,0
2026-08-30T16:00:00+00:00,AWS-B-001,Buldhana,29.7,933.62,53.86,GOOD,normal,0
2026-08-30T17:00:00+00:00,AWS-B-001,Buldhana,28.75,934.33,57.27,GOOD,normal,0
2026-08-30T18:00:00+00:00,AWS-B-001,Buldhana,26.99,934.75,59.44,GOOD,normal,0
2026-08-30T19:00:00+00:00,AWS-B-001,Buldhana,26.42,934.12,58.16,GOOD,normal,0
2026-08-30T20:00:00+00:00,AWS-B-001,Buldhana,24.83,933.49,61.12,GOOD,normal,0
2026-08-30T21:00:00+00:00,AWS-B-001,Buldhana,24.86,935.07,62.6,GOOD,normal,0
2026-08-30T22:00:00+00:00,AWS-B-001,Buldhana,24.19,935.21,65.36,GOOD,normal,0
2026-08-30T23:00:00+00:00,AWS-B-001,Buldhana,24.02,934.69,64.54,GOOD,normal,0
